imiona;nazwiska;daty;zawod;dataUrodzenia;Login;Haslo;nazwaFIlmu;dlugoscTrwania;Id
Żaneta;NOWAK;01.07.2012;aktor;01.01.1970;uzytkownik1;haslo1;Nietykalni;101;1
Zuzanna;KOWALSKA;01.09.2012;rezyser;01.06.1970;uzytkownik2;haslo2;Forrest Gump;78;2
Zofia;MĄCZKA;01.11.2012;aktor;01.11.1970;uzytkownik3;haslo3;Życie jest piękne;113;3
Zbigniew;PAWLUK;01.01.2013;rezyser;01.04.1971;uzytkownik4;haslo4;Green Book;105;4
Wojciech;KOWALCZYK;01.03.2013;aktor;01.09.1971;uzytkownik5;haslo5;Światła wielkiego miasta;129;5
Wioleta;KAMIŃSKA;01.05.2013;rezyser;01.02.1972;uzytkownik6;haslo6;Piętro wyżej;80;6
Wincenty;LEWANDOWSKA;01.07.2013;aktor;01.07.1972;uzytkownik7;haslo7;Brzdąc;142;7
Wiliam;SZEKPSIR;01.09.2013;rezyser;01.12.1972;uzytkownik8;haslo8;Dzisiejsze czasy;134;8
Teresa;DUDEK;01.11.2013;aktor;01.05.1973;uzytkownik9;haslo9;Rain Man;94;9
Szymon;PAPIERZEWSKI;01.01.2014;rezyser;01.10.1973;uzytkownik10;haslo10;Monty Python i Święty Graal;62;10
Sylwia;BAŁKA;01.03.2014;aktor;01.03.1974;uzytkownik11;haslo11;Zwierzogród ;63;11
Stanisław;BĄK;01.05.2014;rezyser;01.08.1974;uzytkownik12;haslo12;Noc na Ziemi;84;12
Sławomir;JANKOWSKA;01.07.2014;aktor;01.01.1975;uzytkownik13;haslo13;Żywot Briana;60;13
Piotr;KWIATKOWSKA;01.09.2014;rezyser;01.06.1975;uzytkownik14;haslo14;Mary i Max;114;14
Petronella;WOJCIECHOWSKA;01.11.2014;aktor;01.11.1975;uzytkownik15;haslo15;Czas Cyganów;72;15
Paweł;MAZUR;01.01.2015;rezyser;01.04.1976;uzytkownik16;haslo16;Pół żartem, pół serio;136;16
Pamela;KRAWCZYK;01.03.2015;aktor;01.09.1976;uzytkownik17;haslo17;Sens życia wg Monty Pythona;89;17
Odetta;PIOTROWSKA;01.05.2015;rezyser;01.02.1977;uzytkownik18;haslo18;Deszczowa piosenka ;124;18
Nikola;KACZMAREK;01.07.2015;aktor;01.07.1977;uzytkownik19;haslo19;A teraz coś z zupełnie innej beczki ;84;19
Natan;GRABOWSKA;01.09.2015;rezyser;01.12.1977;uzytkownik20;haslo20;Underground;68;20
Mirella;PAWŁOWSKA;01.11.2015;aktor;01.05.1978;uzytkownik21;haslo21;Cudowny chłopak;69;21
Marzena;MICHALSKA;02.11.2015;rezyser;01.10.1978;uzytkownik22;haslo22;Amarcord;72;22
Martyna;WÓJCIK;03.11.2015;aktor;01.03.1979;uzytkownik23;haslo23;Jak rozpętałem drugą wojnę światową ;107;23
Marika;NOWAK;04.11.2015;rezyser;01.08.1979;uzytkownik24;haslo24;Ich noce;80;24
Maria;NOWAKOWSKA;05.11.2015;aktor;01.01.1980;uzytkownik25;haslo25;Kawa i papierosy III;144;25
Marcjanna;WIECZOREK;06.11.2015;rezyser;01.06.1980;uzytkownik26;haslo26;Chłopaki nie płaczą;112;26
Marcin;PACZOS;07.11.2015;aktor;01.11.1980;uzytkownik27;haslo27;Kowboj Bebop: Pukając do nieba bram ;65;27
Maksymilian;KORYTKOWSKI;08.11.2015;rezyser;01.04.1981;uzytkownik28;haslo28;Generał;112;28
Magdalena;ADAMCZYK;09.11.2015;aktor;01.09.1981;uzytkownik29;haslo29;Wyspa psów;122;29
Maciej;MAJEWSKA;20.12.2015;rezyser;01.02.1982;uzytkownik30;haslo30;Zelig;118;30
Lucyna;DUDEK;30.01.2016;aktor;01.07.1982;uzytkownik31;haslo31;Gorączka złota;83;31
Lilianna;NOWICKA;11.03.2016;rezyser;01.12.1982;uzytkownik32;haslo32;Miś;97;32
Leon;OLSZEWSKA;21.04.2016;aktor;01.05.1983;uzytkownik33;haslo33;Był sobie pies ;134;33
Krzysztof;JAWORSKA;01.06.2016;rezyser;01.10.1983;uzytkownik34;haslo34;Shrek;118;34
Krystyna;MALINOWSKA;12.07.2016;aktor;01.03.1984;uzytkownik35;haslo35;Seksmisja;102;35
Katarzyna;MAKOWSKA;22.08.2016;rezyser;01.08.1984;uzytkownik36;haslo36;Paperman;125;36
Kamila;PAWLUK;02.10.2016;aktor;01.01.1985;uzytkownik37;haslo37;Dzień świra;115;37
Julian;PAWLAK;12.11.2016;rezyser;01.06.1985;uzytkownik38;haslo38;Lekarstwo na miłość;80;38
Julia;WITKOWSKA;23.12.2016;aktor;01.11.1985;uzytkownik39;haslo39;Jutro będziemy szczęśliwi;69;39
Józef;WALCZAK;02.02.2017;rezyser;01.04.1986;uzytkownik40;haslo40;Grand Budapest Hotel;97;40
Jozue;RUTKOWSKA;15.03.2017;aktor;01.09.1986;uzytkownik41;haslo41;Grand Budapest Hotel;92;41
Joanna;SIKORA;25.04.2017;rezyser;01.02.1987;uzytkownik42;haslo42;Dym;141;42
Jan;MICHALAK;05.06.2017;aktor;01.07.1987;uzytkownik43;haslo43;Wielka włóczęga;70;43
Jagoda;SZEWCZYK;16.07.2017;rezyser;01.12.1987;uzytkownik44;haslo44;Oko w oko z życiem;64;44
Jagna;OSTROWSKA;26.08.2017;aktor;01.05.1988;uzytkownik45;haslo45;Kiler;68;45
Jadwiga;BARAN;06.10.2017;rezyser;01.10.1988;uzytkownik46;haslo46;Wielka Szóstka;130;46
Jacek;TOMASZEWSKA;01.11.2017;aktor;01.03.1989;uzytkownik47;haslo47;Garsoniera;72;47
Izabela;PIETRZAK;27.11.2017;rezyser;01.08.1989;uzytkownik48;haslo48;Miłość i śmierć;75;48
Irena;WRÓBLEWSKA;23.12.2017;aktor;01.01.1990;uzytkownik49;haslo49;Zaburzenie częściowe;124;49
Helena;ZALEWSKA;18.01.2018;rezyser;01.06.1990;uzytkownik50;haslo50;Wielkie piękno;104;50
Hanna;MARCINIAK;13.02.2018;aktor;01.11.1990;uzytkownik51;haslo51;Dobrze się kłamie w miłym towarzystwie;139;51
Gracjan;JASIŃSKA;11.03.2018;rezyser;01.04.1991;uzytkownik52;haslo52;Noc po ciężkim dniu;140;52
Franciszek;DUDA;06.04.2018;aktor;01.09.1991;uzytkownik53;haslo53;Pociąg życia;140;53
Dorota;JAKUBOWSKA;02.05.2018;rezyser;01.02.1992;uzytkownik54;haslo54;Benny i Joon;134;54
Dominika;ZAWADZKA;28.05.2018;aktor;01.07.1992;uzytkownik55;haslo55;Harold i Maude;81;55
Bożena;SADOWSKA;23.06.2018;rezyser;01.12.1992;uzytkownik56;haslo56;Gangsterzy i filantropi;86;56
Bogumiła;WYSOCKA;19.07.2018;aktor;01.05.1993;uzytkownik57;haslo57;Smażone zielone pomidory;123;57
Bernadetta;WŁODARCZYK;14.08.2018;rezyser;01.10.1993;uzytkownik58;haslo58;Deadpool 2;105;58
Arleta;CHMIELEWSKA;09.09.2018;aktor;01.03.1994;uzytkownik59;haslo59;Ziemia niczyja;99;59
Arkadiusz;BORKOWSKA;05.10.2018;rezyser;01.08.1994;uzytkownik60;haslo60;Dyskretny urok burżuazji;106;60
Ariana;WILK;31.10.2018;aktor;01.01.1995;uzytkownik61;haslo61;Kawa i papierosy;149;61
Antonina;SOKOŁOWSKA;26.11.2018;rezyser;01.06.1995;uzytkownik62;haslo62;Szarada;127;62
Antoni;SZCZEPAŃSKA;22.12.2018;aktor;01.11.1995;uzytkownik63;haslo63;Rocky Horror Picture Show;135;63
Anna;SAWICKA;17.01.2019;rezyser;01.04.1996;uzytkownik64;haslo64;Choć goni nas czas;78;64
Aneta;KUCHARSKA;12.02.2019;aktor;01.09.1996;uzytkownik65;haslo65;Zaplątani;77;65
Andrzej;LIS;10.03.2019;rezyser;01.02.1997;uzytkownik66;haslo66;Złoto dla zuchwałych;111;66
Aleksander;MACIEJEWSKA;05.04.2019;aktor;01.07.1997;uzytkownik67;haslo67;Brazil;127;67
Albin;KUBIAK;01.05.2019;rezyser;01.12.1997;uzytkownik68;haslo68;Mężczyzna imieniem Ove;134;68
Agnieszka;CZARNECKA;27.05.2019;aktor;01.05.1998;uzytkownik69;haslo69;Sklep na rogu;106;69
Adrianna;KALINOWSKA;22.06.2019;rezyser;01.10.1998;uzytkownik70;haslo70;Patch Adams;101;70
